{
  "classification": {
    "xgboost": {
      "accuracy": 0.608647140864714,
      "log_loss": 0.8564943115649282,
      "brier": 0.5027889693509009,
      "rps": 0.16608628238025197,
      "roc_auc_ovr": 0.7505059731648953,
      "ece": 0.020035511971082637
    },
    "lightgbm": {
      "accuracy": 0.6131101813110181,
      "log_loss": 0.8554593106876477,
      "brier": 0.502135974962441,
      "rps": 0.1656528239768849,
      "roc_auc_ovr": 0.7513931544734618,
      "ece": 0.021275121748587703
    },
    "catboost": {
      "accuracy": 0.6094839609483961,
      "log_loss": 0.8563296468174744,
      "brier": 0.5028318245438759,
      "rps": 0.16630125081241495,
      "roc_auc_ovr": 0.7522757417517464,
      "ece": 0.022076727992863723
    },
    "mlp": {
      "accuracy": 0.6156206415620642,
      "log_loss": 0.8526183127296479,
      "brier": 0.5005894579286103,
      "rps": 0.1651938005472114,
      "roc_auc_ovr": 0.7514699633059189,
      "ece": 0.011568895418451604
    },
    "logreg": {
      "accuracy": 0.6114365411436541,
      "log_loss": 0.8575326164173842,
      "brier": 0.5036379180862265,
      "rps": 0.1666135015340196,
      "roc_auc_ovr": 0.7495260748189226,
      "ece": 0.020957812241706404
    },
    "ENSEMBLE": {
      "accuracy": 0.6147838214783822,
      "log_loss": 0.8514330480621057,
      "brier": 0.49991128282091973,
      "rps": 0.16491289412549218,
      "roc_auc_ovr": 0.7527798736365359,
      "ece": 0.01366241788981167
    }
  },
  "regression": {
    "home_goals": {
      "rmse": 1.3325362047075242,
      "mae": 1.0118423793171423,
      "bias": 0.03862862649469052
    },
    "away_goals": {
      "rmse": 1.1031806897510914,
      "mae": 0.8336074148506818,
      "bias": -0.05220458921732405
    }
  }
}