{
  "weights": {
    "catboost": 7.51499082413311e-14,
    "lightgbm": 0.14852443984483155,
    "mlp": 0.5284119222780919,
    "xgboost": 0.3230636378770016
  },
  "valid_logloss": 0.849162768981301,
  "temperatures": {
    "xgboost": 0.9622329703921736,
    "lightgbm": 0.9793695238126391,
    "catboost": 0.9677214581357715,
    "mlp": 0.9563909477338988,
    "logreg": 1.019850438521478
  },
  "rho": -0.052690342407896384
}